Unnamed: 0,timestamp,wattsup_power,smartwatts_power
44,2023-06-11 01:51:15,197.0,47.13807423235025
45,2023-06-11 01:51:16,197.4,46.917982042518965
46,2023-06-11 01:51:17,197.4,47.66229857797554
47,2023-06-11 01:51:18,196.9,48.28563806109448
48,2023-06-11 01:51:19,196.6,47.72751723494312
49,2023-06-11 01:51:20,196.8,48.947587968353965
50,2023-06-11 01:51:21,196.8,47.30035792947453
51,2023-06-11 01:51:22,197.0,51.584969973930775
52,2023-06-11 01:51:23,197.2,45.56184666367192
53,2023-06-11 01:51:24,197.3,48.379919267415126
54,2023-06-11 01:51:25,197.4,43.366940605447965
56,2023-06-11 01:51:27,197.2,48.14204830573026
57,2023-06-11 01:51:28,196.9,28.74441024137629
58,2023-06-11 01:51:29,196.6,45.66127598848014
59,2023-06-11 01:51:30,196.6,46.09380741405397
60,2023-06-11 01:51:31,196.5,20.007612848718228
61,2023-06-11 01:51:32,196.4,47.32099673430429
62,2023-06-11 01:51:33,196.3,46.01933770161659
63,2023-06-11 01:51:34,196.0,29.71572654016407
64,2023-06-11 01:51:35,196.1,17.55044087220749
65,2023-06-11 01:51:36,196.3,19.060084921014735
66,2023-06-11 01:51:37,196.3,21.99893668074258
67,2023-06-11 01:51:38,196.6,47.82408179210057
68,2023-06-11 01:51:39,196.8,48.03994762812844
69,2023-06-11 01:51:40,196.7,48.652920834077975
70,2023-06-11 01:51:41,196.7,45.59758701010879
71,2023-06-11 01:51:42,196.7,47.23417401822076
72,2023-06-11 01:51:43,196.8,35.194093321549595
73,2023-06-11 01:51:44,203.8,49.68174053726281
74,2023-06-11 01:51:45,212.0,60.41632384144565
75,2023-06-11 01:51:46,220.6,57.427343726848896
76,2023-06-11 01:51:47,228.1,55.37452248389928
77,2023-06-11 01:51:48,228.2,54.75857455162242
78,2023-06-11 01:51:49,228.4,51.12496030510063
80,2023-06-11 01:51:51,228.6,52.952370775584775
81,2023-06-11 01:51:52,228.1,50.10693842325088
82,2023-06-11 01:51:53,227.3,50.18500963022267
83,2023-06-11 01:51:54,226.3,50.33104142841081
84,2023-06-11 01:51:55,225.4,48.919674228719856
85,2023-06-11 01:51:56,224.7,46.54361413097637
86,2023-06-11 01:51:57,224.5,50.83507608365449
87,2023-06-11 01:51:58,223.9,50.80722593973432
88,2023-06-11 01:51:59,223.8,50.54017297158983
89,2023-06-11 01:52:00,223.2,49.87320548246895
90,2023-06-11 01:52:01,222.8,47.3995808919142
91,2023-06-11 01:52:02,222.2,48.72510093344748
92,2023-06-11 01:52:03,221.9,48.699751562596006
93,2023-06-11 01:52:04,215.1,48.37367350499832
94,2023-06-11 01:52:05,206.9,49.33830117038337
95,2023-06-11 01:52:06,207.1,53.71757015988822
96,2023-06-11 01:52:07,208.2,58.35066124425775
97,2023-06-11 01:52:08,227.3,59.77170708903926
98,2023-06-11 01:52:09,227.5,41.68008776907004
99,2023-06-11 01:52:10,227.6,46.68417324875278
101,2023-06-11 01:52:12,226.7,52.56724491273749
102,2023-06-11 01:52:13,225.7,49.38259127909328
103,2023-06-11 01:52:14,225.1,31.01885050437226
104,2023-06-11 01:52:15,219.1,50.758039536745066
105,2023-06-11 01:52:16,218.9,51.88192714226014
106,2023-06-11 01:52:17,218.5,52.45122601136548
107,2023-06-11 01:52:18,218.6,54.43720305668824
108,2023-06-11 01:52:19,218.9,53.66867990478493
109,2023-06-11 01:52:20,219.1,44.1208240089043
110,2023-06-11 01:52:21,219.2,48.89807708259841
111,2023-06-11 01:52:22,218.8,31.61120552528722
112,2023-06-11 01:52:23,218.6,50.847954494136935
113,2023-06-11 01:52:24,218.0,49.54508183571895
114,2023-06-11 01:52:25,217.7,47.508916447151854
115,2023-06-11 01:52:26,216.8,29.735473464913973
116,2023-06-11 01:52:27,210.0,49.04518064306533
117,2023-06-11 01:52:28,210.3,52.28181615873453
118,2023-06-11 01:52:29,217.2,54.0386714461192
119,2023-06-11 01:52:30,217.8,70.48717461361366
121,2023-06-11 01:52:32,234.2,57.89602848205064
122,2023-06-11 01:52:33,234.5,75.42843635213353
123,2023-06-11 01:52:34,234.6,75.36103973403196
124,2023-06-11 01:52:35,234.4,74.31203097826172
125,2023-06-11 01:52:36,234.4,58.77011735646458
126,2023-06-11 01:52:37,234.3,53.53229999012504
127,2023-06-11 01:52:38,234.5,65.93454038076646
128,2023-06-11 01:52:39,234.5,56.90512468937975
129,2023-06-11 01:52:40,234.2,58.84072662796181
130,2023-06-11 01:52:41,233.9,59.69694829376455
131,2023-06-11 01:52:42,233.6,53.06082318761705
132,2023-06-11 01:52:43,233.1,53.93720510236452
133,2023-06-11 01:52:44,232.7,43.60135286065504
134,2023-06-11 01:52:45,227.0,47.26287450473403
135,2023-06-11 01:52:46,222.0,53.16091473708185
136,2023-06-11 01:52:47,222.2,47.50135147222186
137,2023-06-11 01:52:48,213.1,20.698139361209567
139,2023-06-11 01:52:50,210.5,46.77444878439663
140,2023-06-11 01:52:51,219.9,54.1899676310413
141,2023-06-11 01:52:52,232.2,55.90365784479876
142,2023-06-11 01:52:53,232.0,54.50916633211342
143,2023-06-11 01:52:54,225.1,49.83665027653149
144,2023-06-11 01:52:55,219.8,39.816061909570514
145,2023-06-11 01:52:56,220.1,38.3014297272828
146,2023-06-11 01:52:57,219.9,35.19090912458884
147,2023-06-11 01:52:58,219.3,47.089849708202166
148,2023-06-11 01:52:59,218.8,40.35120665788418
149,2023-06-11 01:53:00,218.9,47.57127019953257
150,2023-06-11 01:53:01,218.8,36.73727221794977
151,2023-06-11 01:53:02,219.4,51.74559912090971
152,2023-06-11 01:53:03,219.9,53.04760007108186
153,2023-06-11 01:53:04,220.2,50.53290052422977
154,2023-06-11 01:53:05,219.6,30.483313294022818
155,2023-06-11 01:53:06,214.0,47.52447965627851
156,2023-06-11 01:53:07,213.7,24.06847961171908
158,2023-06-11 01:53:09,213.5,49.78682906522568
159,2023-06-11 01:53:10,207.3,46.80371159434983
160,2023-06-11 01:53:11,206.3,26.689688729916774
161,2023-06-11 01:53:12,206.2,47.24587993506555
162,2023-06-11 01:53:13,217.5,53.80120467585952
163,2023-06-11 01:53:14,227.1,60.66148454489499
164,2023-06-11 01:53:15,227.3,60.95068388944583
165,2023-06-11 01:53:16,227.2,54.51694653269551
166,2023-06-11 01:53:17,226.4,47.61782624317746
167,2023-06-11 01:53:18,214.2,43.704143577966754
168,2023-06-11 01:53:19,214.6,50.56813841869275
169,2023-06-11 01:53:20,220.8,53.77570568905907
170,2023-06-11 01:53:21,221.2,49.1378323003001
171,2023-06-11 01:53:22,221.2,45.35047478697677
172,2023-06-11 01:53:23,220.5,45.101440817322334
173,2023-06-11 01:53:24,219.8,47.568826098653055
174,2023-06-11 01:53:25,219.2,47.46936866212508
175,2023-06-11 01:53:26,219.0,41.59298603759628
177,2023-06-11 01:53:28,217.6,48.226983846688704
178,2023-06-11 01:53:29,216.6,47.09061152335998
179,2023-06-11 01:53:30,215.7,47.90056003678489
180,2023-06-11 01:53:31,214.7,47.47428597978063
181,2023-06-11 01:53:32,213.9,46.60377701395306
182,2023-06-11 01:53:33,207.6,22.28350714089016
183,2023-06-11 01:53:34,212.8,55.63169411434759
184,2023-06-11 01:53:35,213.5,57.22307250845631
185,2023-06-11 01:53:36,224.8,56.15004299969883
186,2023-06-11 01:53:37,225.0,54.56764564803539
187,2023-06-11 01:53:38,225.2,53.54695646725416
188,2023-06-11 01:53:39,225.7,54.6422460205762
189,2023-06-11 01:53:40,225.9,49.24801563030297
190,2023-06-11 01:53:41,226.0,55.95475210579295
191,2023-06-11 01:53:42,226.1,49.77053801651576
192,2023-06-11 01:53:43,226.0,46.28060943869671
193,2023-06-11 01:53:44,226.0,46.44624549293676
195,2023-06-11 01:53:46,225.5,51.78164689207333
196,2023-06-11 01:53:47,224.6,50.72380197543709
197,2023-06-11 01:53:48,224.1,51.71996674262044
198,2023-06-11 01:53:49,223.9,55.85238286303137
199,2023-06-11 01:53:50,223.8,52.39712273643949
200,2023-06-11 01:53:51,224.5,54.36151292573774
201,2023-06-11 01:53:52,224.9,52.18413018540191
202,2023-06-11 01:53:53,224.3,49.29619076791717
203,2023-06-11 01:53:54,208.9,47.66710155854478
204,2023-06-11 01:53:55,208.5,48.80308176314741
205,2023-06-11 01:53:56,217.6,52.425126099202345
206,2023-06-11 01:53:57,226.6,56.22897144371265
207,2023-06-11 01:53:58,227.3,59.085953231277394
208,2023-06-11 01:53:59,228.1,56.219707785854034
209,2023-06-11 01:54:00,228.6,60.04506312675458
210,2023-06-11 01:54:01,229.0,60.09351918964898
212,2023-06-11 01:54:03,230.1,54.01940927856715
213,2023-06-11 01:54:04,230.3,29.64993994551875
214,2023-06-11 01:54:05,230.3,57.021991488320445
215,2023-06-11 01:54:06,230.2,55.64037132217894
216,2023-06-11 01:54:07,229.8,51.70436673054528
217,2023-06-11 01:54:08,229.8,58.112472613465656
218,2023-06-11 01:54:09,229.6,57.27399569164727
219,2023-06-11 01:54:10,229.2,54.81326407523882
220,2023-06-11 01:54:11,228.7,50.57512740169814
221,2023-06-11 01:54:12,228.2,51.07755171287932
222,2023-06-11 01:54:13,227.6,49.81201363160734
223,2023-06-11 01:54:14,227.2,47.85723902370005
224,2023-06-11 01:54:15,221.2,35.964108052419896
225,2023-06-11 01:54:16,206.5,48.779740186078016
227,2023-06-11 01:54:18,222.0,48.12501921651801
228,2023-06-11 01:54:19,221.9,51.67288996205431
229,2023-06-11 01:54:20,215.7,47.05366757480019
230,2023-06-11 01:54:21,215.1,47.046345384769324
231,2023-06-11 01:54:22,214.4,33.944822607338104
232,2023-06-11 01:54:23,213.5,48.007869641658
233,2023-06-11 01:54:24,208.1,47.12615409785034
234,2023-06-11 01:54:25,207.5,46.99115185738846
235,2023-06-11 01:54:26,207.4,46.48139855921967
236,2023-06-11 01:54:27,207.3,45.228563262649416
237,2023-06-11 01:54:28,207.7,46.67289786714564
238,2023-06-11 01:54:29,208.1,46.33278705350666
239,2023-06-11 01:54:30,208.9,47.224585505484434
240,2023-06-11 01:54:31,209.0,39.67479015699908
241,2023-06-11 01:54:32,209.5,28.251995170542724
242,2023-06-11 01:54:33,209.3,46.67319607494667
243,2023-06-11 01:54:34,208.8,47.68897257340284
244,2023-06-11 01:54:35,208.0,28.24441455181012
246,2023-06-11 01:54:37,206.6,47.44795245866831
247,2023-06-11 01:54:38,205.9,46.58990762566009
248,2023-06-11 01:54:39,206.2,46.58588026946088
249,2023-06-11 01:54:40,221.9,55.31248424859431
250,2023-06-11 01:54:41,227.6,48.95620411381788
251,2023-06-11 01:54:42,227.3,54.85179291699026
252,2023-06-11 01:54:43,227.1,50.25051495179144
253,2023-06-11 01:54:44,227.2,49.061620150208576
254,2023-06-11 01:54:45,227.3,56.32563435788289
255,2023-06-11 01:54:46,227.5,50.309343288510746
256,2023-06-11 01:54:47,227.6,58.92731619074512
257,2023-06-11 01:54:48,227.5,57.23059046950761
258,2023-06-11 01:54:49,227.4,57.31663652891025
259,2023-06-11 01:54:50,227.5,51.9509078458964
260,2023-06-11 01:54:51,227.7,52.04295638253805
261,2023-06-11 01:54:52,227.6,54.44429605483267
263,2023-06-11 01:54:54,226.8,54.38801719553767
264,2023-06-11 01:54:55,226.3,49.66110189464271
265,2023-06-11 01:54:56,226.0,50.354431928153794
266,2023-06-11 01:54:57,225.7,51.1705192948578
267,2023-06-11 01:54:58,225.3,48.47186283331634
268,2023-06-11 01:54:59,216.7,47.108329505292986
269,2023-06-11 01:55:00,204.8,29.577156892028697
270,2023-06-11 01:55:01,204.7,60.6866988342276
271,2023-06-11 01:55:02,217.9,55.938627081117325
272,2023-06-11 01:55:03,217.5,49.52468579301328
273,2023-06-11 01:55:04,217.3,44.25947231854033
274,2023-06-11 01:55:05,216.9,46.95160628381873
275,2023-06-11 01:55:06,216.5,48.98404011318409
276,2023-06-11 01:55:07,216.1,48.72003592636728
277,2023-06-11 01:55:08,216.0,47.36601055808328
278,2023-06-11 01:55:09,215.9,48.23602831456961
280,2023-06-11 01:55:11,215.6,49.893169243922976
281,2023-06-11 01:55:12,215.2,45.70345192625668
282,2023-06-11 01:55:13,214.7,48.46423608658679
283,2023-06-11 01:55:14,214.7,47.615658726060936
284,2023-06-11 01:55:15,214.7,48.420323748917454
285,2023-06-11 01:55:16,214.6,38.5234889902126
286,2023-06-11 01:55:17,214.5,45.72672375369369
287,2023-06-11 01:55:18,214.4,47.46483234176654
288,2023-06-11 01:55:19,214.2,47.74390195492992
289,2023-06-11 01:55:20,214.1,46.49192506764866
290,2023-06-11 01:55:21,214.1,48.78702773497325
291,2023-06-11 01:55:22,214.3,50.083635319156805
292,2023-06-11 01:55:23,214.2,49.94588110810178
293,2023-06-11 01:55:24,214.1,46.98850514163337
294,2023-06-11 01:55:25,213.8,48.76648610177774
295,2023-06-11 01:55:26,214.0,46.51570769933296
297,2023-06-11 01:55:28,214.1,48.42942612908943
298,2023-06-11 01:55:29,214.1,44.06986422026901
299,2023-06-11 01:55:30,213.9,46.95067782030491
300,2023-06-11 01:55:31,213.8,49.54541402847876
301,2023-06-11 01:55:32,213.8,48.95502608747841
302,2023-06-11 01:55:33,214.2,48.21187727213651
303,2023-06-11 01:55:34,214.2,45.82947646190411
304,2023-06-11 01:55:35,214.2,43.674241365875616
305,2023-06-11 01:55:36,213.9,47.45701113476793
306,2023-06-11 01:55:37,214.4,49.96465329871505
307,2023-06-11 01:55:38,214.7,47.80690573829282
308,2023-06-11 01:55:39,214.8,46.72124131288231
309,2023-06-11 01:55:40,214.9,45.392423359260455
310,2023-06-11 01:55:41,208.2,45.9068282759384
311,2023-06-11 01:55:42,202.0,46.49360643932998
312,2023-06-11 01:55:43,201.9,28.36466870164965
313,2023-06-11 01:55:44,202.1,44.842223535882574
314,2023-06-11 01:55:45,202.3,46.4739256470355
316,2023-06-11 01:55:47,201.5,47.0721814838205
317,2023-06-11 01:55:48,201.3,48.17512084841293
318,2023-06-11 01:55:49,201.1,46.51293817259162
319,2023-06-11 01:55:50,200.9,28.69943565988841
320,2023-06-11 01:55:51,200.6,23.914552990971508
321,2023-06-11 01:55:52,200.6,44.18307862068399
322,2023-06-11 01:55:53,200.6,44.27817376855634
323,2023-06-11 01:55:54,200.5,45.61655257431166
324,2023-06-11 01:55:55,200.5,45.83725405823091
325,2023-06-11 01:55:56,200.2,45.14013302444166
326,2023-06-11 01:55:57,199.9,45.96673999817592
327,2023-06-11 01:55:58,199.8,23.957490415756045
328,2023-06-11 01:55:59,199.7,23.029473932796545
329,2023-06-11 01:56:00,199.5,24.35847979286811
330,2023-06-11 01:56:01,199.0,45.73905435882602
331,2023-06-11 01:56:02,199.0,46.43140725713463
332,2023-06-11 01:56:03,199.5,45.12584929817529
333,2023-06-11 01:56:04,199.9,44.961974269556585
335,2023-06-11 01:56:06,199.5,44.6618663575024
336,2023-06-11 01:56:07,199.1,22.368327691198743
337,2023-06-11 01:56:08,199.2,44.12124524755527
338,2023-06-11 01:56:09,199.0,45.1336540000444
339,2023-06-11 01:56:10,199.1,21.677276173959694
340,2023-06-11 01:56:11,199.4,20.65437271038108
341,2023-06-11 01:56:12,199.6,44.33236952063698
342,2023-06-11 01:56:13,199.8,26.893767215094368
343,2023-06-11 01:56:14,200.0,44.44326705215431
344,2023-06-11 01:56:15,200.2,45.45850384053851
345,2023-06-11 01:56:16,200.3,43.62459867238166
346,2023-06-11 01:56:17,200.4,43.39941269716734
347,2023-06-11 01:56:18,200.2,22.249364367039423
348,2023-06-11 01:56:19,199.7,26.718673132179617
349,2023-06-11 01:56:20,199.3,27.667280537278263
350,2023-06-11 01:56:21,199.9,20.225043468752027
351,2023-06-11 01:56:22,200.1,44.34598763779578
352,2023-06-11 01:56:23,200.3,45.2090744801653
354,2023-06-11 01:56:25,199.9,21.635100720513588
355,2023-06-11 01:56:26,200.3,28.719965919943583
356,2023-06-11 01:56:27,200.3,46.273994065627285
357,2023-06-11 01:56:28,200.4,44.97874464705467
358,2023-06-11 01:56:29,200.4,43.36793417361897
359,2023-06-11 01:56:30,200.4,44.52928979750064
360,2023-06-11 01:56:31,200.4,20.045921566966797
361,2023-06-11 01:56:32,200.4,20.38942362809674
362,2023-06-11 01:56:33,200.6,45.54088400874831
363,2023-06-11 01:56:34,201.4,47.57603774245776
364,2023-06-11 01:56:35,217.2,57.79145335932576
365,2023-06-11 01:56:36,218.2,47.369795630152
366,2023-06-11 01:56:37,224.4,58.71790847817124
367,2023-06-11 01:56:38,224.7,46.40149180014709
368,2023-06-11 01:56:39,225.2,52.07976327972804
369,2023-06-11 01:56:40,225.3,48.85086083279736
371,2023-06-11 01:56:42,225.2,53.15766480622966
372,2023-06-11 01:56:43,225.0,56.231918009325625
373,2023-06-11 01:56:44,225.2,54.73938180395799
374,2023-06-11 01:56:45,225.2,50.11504878677906
375,2023-06-11 01:56:46,225.0,52.12011178345752
376,2023-06-11 01:56:47,224.7,50.32690191369856
377,2023-06-11 01:56:48,224.3,49.40446297095208
378,2023-06-11 01:56:49,224.0,50.03482995663166
379,2023-06-11 01:56:50,223.9,48.55471445086877
380,2023-06-11 01:56:51,224.0,47.14132522117059
381,2023-06-11 01:56:52,223.9,46.62585799932896
382,2023-06-11 01:56:53,223.8,41.65363184401419
383,2023-06-11 01:56:54,214.6,46.80923586042741
384,2023-06-11 01:56:55,203.8,47.24116653627037
385,2023-06-11 01:56:56,204.3,52.667997685177326
386,2023-06-11 01:56:57,220.6,57.34982698791592
387,2023-06-11 01:56:58,221.3,57.38761896901106
389,2023-06-11 01:57:00,226.9,58.43142471449563
390,2023-06-11 01:57:01,226.6,52.020868005357045
391,2023-06-11 01:57:02,226.5,56.1875543439152
392,2023-06-11 01:57:03,226.6,50.71210693915695
393,2023-06-11 01:57:04,226.2,51.39784347814645
394,2023-06-11 01:57:05,225.7,45.715761573915294
395,2023-06-11 01:57:06,225.0,47.26468361510128
396,2023-06-11 01:57:07,224.2,49.56849411879104
397,2023-06-11 01:57:08,223.3,48.19077602289121
398,2023-06-11 01:57:09,223.2,48.54884708545749
399,2023-06-11 01:57:10,222.9,55.313929164873535
400,2023-06-11 01:57:11,222.9,56.21877117564974
401,2023-06-11 01:57:12,222.7,49.51495411320033
402,2023-06-11 01:57:13,222.4,52.42511246663114
403,2023-06-11 01:57:14,222.3,48.11165427597066
405,2023-06-11 01:57:16,214.7,64.30972066780622
406,2023-06-11 01:57:17,205.7,46.31841939271581
407,2023-06-11 01:57:18,206.1,45.528009991301374
408,2023-06-11 01:57:19,220.4,50.332860918845256
409,2023-06-11 01:57:20,221.3,61.40165756134675
410,2023-06-11 01:57:21,228.2,62.043079793227335
411,2023-06-11 01:57:22,228.2,60.00362230808015
412,2023-06-11 01:57:23,228.0,48.46215017333556
413,2023-06-11 01:57:24,227.5,51.38483418591934
414,2023-06-11 01:57:25,226.5,47.48673707713724
415,2023-06-11 01:57:26,220.2,45.54830754649791
416,2023-06-11 01:57:27,219.7,45.44360547889698
417,2023-06-11 01:57:28,218.9,42.49790900056047
418,2023-06-11 01:57:29,218.5,45.58987051034099
419,2023-06-11 01:57:30,218.4,45.00150112459465
421,2023-06-11 01:57:32,218.3,55.05803692539593
422,2023-06-11 01:57:33,218.5,48.8138591567167
423,2023-06-11 01:57:34,218.9,54.88245365124135
424,2023-06-11 01:57:35,218.9,48.517696467344095
425,2023-06-11 01:57:36,218.9,50.42100460031509
426,2023-06-11 01:57:37,218.3,36.09684236477619
427,2023-06-11 01:57:38,212.6,18.237218000696277
428,2023-06-11 01:57:39,206.9,46.9447612224677
429,2023-06-11 01:57:40,206.7,49.40897368175196
430,2023-06-11 01:57:41,207.5,50.6290835129814
431,2023-06-11 01:57:42,208.1,38.023770049976655
432,2023-06-11 01:57:43,209.1,42.30985507650946
433,2023-06-11 01:57:44,210.0,51.54334240907312
434,2023-06-11 01:57:45,210.9,44.34651666770812
435,2023-06-11 01:57:46,211.6,43.07581396451058
437,2023-06-11 01:57:48,212.5,42.44168351063239
438,2023-06-11 01:57:49,212.5,49.94336538293538
439,2023-06-11 01:57:50,212.9,50.62817734092621
440,2023-06-11 01:57:51,213.3,45.89925612252436
441,2023-06-11 01:57:52,213.5,52.3315088834473
442,2023-06-11 01:57:53,213.6,42.66681571949082
443,2023-06-11 01:57:54,213.7,29.98151279347749
444,2023-06-11 01:57:55,213.7,46.668342013633314
445,2023-06-11 01:57:56,213.8,41.9999013299337
446,2023-06-11 01:57:57,214.2,52.68467350285465
447,2023-06-11 01:57:58,214.5,48.680991572777714
448,2023-06-11 01:57:59,214.5,53.300092231798615
449,2023-06-11 01:58:00,214.5,50.79556163026022
450,2023-06-11 01:58:01,214.3,43.87256239078376
451,2023-06-11 01:58:02,214.5,46.03789932785874
452,2023-06-11 01:58:03,214.9,50.789579670633394
454,2023-06-11 01:58:05,215.4,49.68553351798259
455,2023-06-11 01:58:06,215.2,42.34507061506733
456,2023-06-11 01:58:07,214.9,41.55174220918146
457,2023-06-11 01:58:08,214.8,52.03997219723735
458,2023-06-11 01:58:09,214.8,48.38742869273951
459,2023-06-11 01:58:10,204.0,47.4414617034538
460,2023-06-11 01:58:11,204.1,47.23610310854368
461,2023-06-11 01:58:12,204.1,35.44378713784663
462,2023-06-11 01:58:13,204.8,43.69841945574841
475,2023-06-11 01:58:26,182.8,0.4489298988287188
476,2023-06-11 01:58:27,183.0,2.151610865942866
478,2023-06-11 01:58:29,182.7,0.3661559387905059
479,2023-06-11 01:58:30,182.6,0.4367328618312868
480,2023-06-11 01:58:31,182.7,0.4703930891750137
481,2023-06-11 01:58:32,182.7,0.4356271852836188
482,2023-06-11 01:58:33,182.8,2.3618151535163454
483,2023-06-11 01:58:34,182.6,5.457056809934417
484,2023-06-11 01:58:35,182.7,12.881395039493093
485,2023-06-11 01:58:36,182.5,1.585802003535776
486,2023-06-11 01:58:37,182.3,0.7134095553895609
487,2023-06-11 01:58:38,182.4,3.528671650473136
488,2023-06-11 01:58:39,182.7,4.875298710605192
489,2023-06-11 01:58:40,182.8,0.3978117655636498
490,2023-06-11 01:58:41,182.6,0.7121715108487421
491,2023-06-11 01:58:42,182.5,0.4214181008424095
492,2023-06-11 01:58:43,182.4,0.9125091207454772
494,2023-06-11 01:58:45,182.2,0.2262474611984868
495,2023-06-11 01:58:46,192.2,28.27713109641668
496,2023-06-11 01:58:47,215.7,56.988402408379294
497,2023-06-11 01:58:48,215.8,53.79366475731775
498,2023-06-11 01:58:49,216.0,32.122230317565105
499,2023-06-11 01:58:50,208.7,19.997846789017547
500,2023-06-11 01:58:51,202.2,37.300562935765846
501,2023-06-11 01:58:52,202.3,32.47116825945628
502,2023-06-11 01:58:53,203.0,36.109418820587024
503,2023-06-11 01:58:54,202.9,31.11377531806745
504,2023-06-11 01:58:55,202.5,23.92611489820588
507,2023-06-11 01:58:58,195.7,13.13764084219431
508,2023-06-11 01:58:59,195.3,16.589861362975476
516,2023-06-11 01:59:07,188.7,0.283614419522345
517,2023-06-11 01:59:08,187.7,0.3540658268352641
518,2023-06-11 01:59:09,187.9,36.15033730376663
519,2023-06-11 01:59:10,209.2,49.75823377538388
520,2023-06-11 01:59:11,209.3,34.50719890367361
521,2023-06-11 01:59:12,201.9,34.49700373430666
523,2023-06-11 01:59:14,192.5,19.488825230551644
524,2023-06-11 01:59:15,192.9,40.61674793913547
525,2023-06-11 01:59:16,198.1,15.339568416133243
526,2023-06-11 01:59:17,197.3,7.188511554830278
527,2023-06-11 01:59:18,196.6,10.022299483835807
528,2023-06-11 01:59:19,189.2,17.518081660653298
529,2023-06-11 01:59:20,181.8,19.32084521797496
531,2023-06-11 01:59:22,183.1,27.832422807157755
532,2023-06-11 01:59:23,183.5,15.595838291586867
533,2023-06-11 01:59:24,184.1,18.210510741488395
534,2023-06-11 01:59:25,184.5,22.436952027446004
535,2023-06-11 01:59:26,184.5,16.147530469474162
536,2023-06-11 01:59:27,185.3,17.5601777496297
537,2023-06-11 01:59:28,185.8,13.11037823110376
538,2023-06-11 01:59:29,186.1,8.374639875957294
539,2023-06-11 01:59:30,185.6,0.2908630461218638
540,2023-06-11 01:59:31,185.6,52.98050636508036
541,2023-06-11 01:59:32,197.7,65.45603837134429
542,2023-06-11 01:59:33,211.0,54.53766578936942
543,2023-06-11 01:59:34,211.3,22.12058035717872
544,2023-06-11 01:59:35,210.3,22.09293860692296
545,2023-06-11 01:59:36,193.8,13.866847142367012
546,2023-06-11 01:59:37,193.0,17.38773402308894
547,2023-06-11 01:59:38,192.6,19.655006377925773
548,2023-06-11 01:59:39,192.6,44.88125496454825
550,2023-06-11 01:59:41,203.1,47.414113333925776
551,2023-06-11 01:59:42,202.3,27.586352657070805
552,2023-06-11 01:59:43,191.0,20.15193821173592
553,2023-06-11 01:59:44,190.5,14.329252216034211
554,2023-06-11 01:59:45,190.7,20.26779507966652
555,2023-06-11 01:59:46,190.7,18.70366539880037
556,2023-06-11 01:59:47,190.3,10.354099801744042
557,2023-06-11 01:59:48,189.6,9.39027579132429
558,2023-06-11 01:59:49,188.7,9.992576404285664
559,2023-06-11 01:59:50,188.1,10.62051323151776
560,2023-06-11 01:59:51,187.8,2.53683298069488
561,2023-06-11 01:59:52,187.1,9.600236612563505
562,2023-06-11 01:59:53,186.8,22.008721428685003
563,2023-06-11 01:59:54,187.5,7.111443873228296
564,2023-06-11 01:59:55,187.4,0.3216659078698166
565,2023-06-11 01:59:56,186.5,0.2481886809515128
566,2023-06-11 01:59:57,186.0,0.2986129707471723
567,2023-06-11 01:59:58,185.3,0.2738846403891396
568,2023-06-11 01:59:59,184.9,0.2294329979525867
570,2023-06-11 02:00:01,184.0,0.2065681856304672
571,2023-06-11 02:00:02,183.5,0.2138483951795423
572,2023-06-11 02:00:03,183.5,0.212272903362975
573,2023-06-11 02:00:04,183.0,0.2387487827934563
574,2023-06-11 02:00:05,182.7,0.2850181279503344
575,2023-06-11 02:00:06,182.7,0.1740838994492587
576,2023-06-11 02:00:07,182.5,0.3614027174394847
577,2023-06-11 02:00:08,182.3,0.1718574349742885
578,2023-06-11 02:00:09,182.4,0.2813224691101536
579,2023-06-11 02:00:10,181.8,0.2082472901150881
580,2023-06-11 02:00:11,181.4,0.2462332788820599
582,2023-06-11 02:00:13,180.5,0.2802571748259141
583,2023-06-11 02:00:14,180.6,0.7807620893189227
584,2023-06-11 02:00:15,180.8,0.216960284005947
585,2023-06-11 02:00:16,180.9,0.2417580337593723
586,2023-06-11 02:00:17,181.1,1.0943444211064188
587,2023-06-11 02:00:18,181.3,0.2405859016300047
588,2023-06-11 02:00:19,181.5,0.2622713288330429
589,2023-06-11 02:00:20,181.3,0.2458641224633182
591,2023-06-11 02:00:22,181.5,0.2434388682295561
592,2023-06-11 02:00:23,181.4,0.1860450193503125
593,2023-06-11 02:00:24,181.2,0.2505919528265146
594,2023-06-11 02:00:25,181.0,0.2991032883550406
595,2023-06-11 02:00:26,181.0,1.131527317274212
596,2023-06-11 02:00:27,181.2,0.3753164839366308
597,2023-06-11 02:00:28,181.4,0.3057926902000589
598,2023-06-11 02:00:29,181.3,1.4828933710089554
599,2023-06-11 02:00:30,181.4,3.3913981355704035
600,2023-06-11 02:00:31,181.4,0.4853077806545205
601,2023-06-11 02:00:32,181.3,0.4009396593891534
602,2023-06-11 02:00:33,181.3,0.2732767615698782
603,2023-06-11 02:00:34,181.3,0.2717721337057094
604,2023-06-11 02:00:35,181.3,0.2762246194290677
605,2023-06-11 02:00:36,181.2,0.3287687388442579
606,2023-06-11 02:00:37,181.0,0.280501774066246
607,2023-06-11 02:00:38,181.0,0.3055435166411948
608,2023-06-11 02:00:39,181.0,0.3015962406135424
609,2023-06-11 02:00:40,181.0,0.3558185075478051
611,2023-06-11 02:00:42,181.2,0.3732458002805487
612,2023-06-11 02:00:43,181.2,0.271978005278485
613,2023-06-11 02:00:44,181.1,0.2557761251517733
614,2023-06-11 02:00:45,188.9,38.47202930804473
615,2023-06-11 02:00:46,189.3,1.336857729690578
616,2023-06-11 02:00:47,188.4,0.1902152245086103
617,2023-06-11 02:00:48,187.5,0.2193948290830201
618,2023-06-11 02:00:49,182.1,1.0340252565338175
619,2023-06-11 02:00:50,182.0,1.246353858084208
620,2023-06-11 02:00:51,182.1,0.3278362916433464
621,2023-06-11 02:00:52,181.8,1.378164167973695
622,2023-06-11 02:00:53,181.7,1.2333779901966273
623,2023-06-11 02:00:54,181.8,1.5999381621976672
624,2023-06-11 02:00:55,181.6,1.2229729935180456
625,2023-06-11 02:00:56,181.6,1.2729271728869198
626,2023-06-11 02:00:57,181.7,1.1051133764655952
627,2023-06-11 02:00:58,181.8,1.5406127157249558
628,2023-06-11 02:00:59,181.5,0.2044035741594409
629,2023-06-11 02:01:00,180.9,0.2159563150446714
630,2023-06-11 02:01:01,180.1,1.4844242894865474
632,2023-06-11 02:01:03,180.2,1.459328052741823
633,2023-06-11 02:01:04,180.4,1.3338449574230415
634,2023-06-11 02:01:05,180.5,0.2300130564213413
635,2023-06-11 02:01:06,180.7,1.5464847793277907
636,2023-06-11 02:01:07,180.6,2.221751392571577
637,2023-06-11 02:01:08,180.5,1.4729537900632914
638,2023-06-11 02:01:09,180.6,1.172998590455503
639,2023-06-11 02:01:10,180.4,1.3982952615395017
640,2023-06-11 02:01:11,180.2,1.6421066859452045
641,2023-06-11 02:01:12,180.1,1.5373326679762622
642,2023-06-11 02:01:13,180.0,0.4762584578638392
643,2023-06-11 02:01:14,179.8,1.5901688078005642
644,2023-06-11 02:01:15,180.0,1.3579059745191222
645,2023-06-11 02:01:16,180.2,1.3696586830255484
646,2023-06-11 02:01:17,180.3,0.3276637109571698
647,2023-06-11 02:01:18,180.5,1.4912738649669803
648,2023-06-11 02:01:19,180.5,1.3237911924348431
649,2023-06-11 02:01:20,180.4,1.29336716831275
651,2023-06-11 02:01:22,180.5,1.443340671185497
652,2023-06-11 02:01:23,180.5,2.0086146048287787
653,2023-06-11 02:01:24,180.3,1.2448160907157149
654,2023-06-11 02:01:25,180.1,4.703519040123606
655,2023-06-11 02:01:26,180.1,1.3483599962997084
656,2023-06-11 02:01:27,180.2,2.0474057680525464
657,2023-06-11 02:01:28,180.4,1.1130045183648394
658,2023-06-11 02:01:29,180.5,0.2182239706878465
659,2023-06-11 02:01:30,180.6,1.560216624524977
660,2023-06-11 02:01:31,180.5,1.6076950815496482
661,2023-06-11 02:01:32,180.5,1.726104438835793
662,2023-06-11 02:01:33,180.6,1.7797814905696394
663,2023-06-11 02:01:34,180.6,3.8358634953490713
664,2023-06-11 02:01:35,180.10000000000002,4.099125071656544
665,2023-06-11 02:01:36,180.10000000000002,37.32735771772408
666,2023-06-11 02:01:37,201.8,29.898953476694448
667,2023-06-11 02:01:38,210.6,34.967256512522965
668,2023-06-11 02:01:39,210.1,36.76231703688016
669,2023-06-11 02:01:40,197.1,25.664207704527467
671,2023-06-11 02:01:42,195.4,7.779730342179219
672,2023-06-11 02:01:43,189.2,39.02264975343778
673,2023-06-11 02:01:44,189.3,32.444269515908736
674,2023-06-11 02:01:45,189.9,35.439384573423546
675,2023-06-11 02:01:46,190.4,9.835445424390237
676,2023-06-11 02:01:47,190.3,19.796140584592635
677,2023-06-11 02:01:48,190.2,12.489620717628284
678,2023-06-11 02:01:49,190.3,30.980321759012718
679,2023-06-11 02:01:50,189.7,26.81179968883276
680,2023-06-11 02:01:51,189.3,23.977891427336928
681,2023-06-11 02:01:52,183.9,7.103866438212549
682,2023-06-11 02:01:53,183.5,11.05972526842847
683,2023-06-11 02:01:54,183.3,14.813177635001416
684,2023-06-11 02:01:55,183.0,15.178319794366542
685,2023-06-11 02:01:56,182.6,7.106214635355657
686,2023-06-11 02:01:57,182.1,8.172395400698994
687,2023-06-11 02:01:58,182.4,35.631953190681195
688,2023-06-11 02:01:59,203.5,59.37209644243221
690,2023-06-11 02:02:01,213.9,22.70585800807308
691,2023-06-11 02:02:02,214.0,52.839519053996376
692,2023-06-11 02:02:03,213.6,33.41705365566281
693,2023-06-11 02:02:04,212.8,18.108600843627563
694,2023-06-11 02:02:05,212.5,26.68240022857935
695,2023-06-11 02:02:06,211.8,33.61621383818022
696,2023-06-11 02:02:07,211.3,37.39161971396975
697,2023-06-11 02:02:08,210.8,45.36619980274459
698,2023-06-11 02:02:09,210.5,32.709804125549695
699,2023-06-11 02:02:10,210.1,46.57134233676106
700,2023-06-11 02:02:11,210.8,50.34063727808952
701,2023-06-11 02:02:12,211.9,44.87562184869872
702,2023-06-11 02:02:13,222.6,49.46096362017396
703,2023-06-11 02:02:14,222.4,45.33496521148424
704,2023-06-11 02:02:15,222.4,47.65396429578082
705,2023-06-11 02:02:16,222.1,46.69128204257304
706,2023-06-11 02:02:17,221.7,40.587077233893154
708,2023-06-11 02:02:19,184.2,1.0430537657931465
709,2023-06-11 02:02:20,189.0,17.106524795189745
710,2023-06-11 02:02:21,204.7,54.2524243947918
711,2023-06-11 02:02:22,224.8,59.51736964749736
712,2023-06-11 02:02:23,230.5,56.46360492248984
713,2023-06-11 02:02:24,230.6,56.59602852921841
714,2023-06-11 02:02:25,230.5,58.44842670506025
715,2023-06-11 02:02:26,230.6,57.35591835182439
716,2023-06-11 02:02:27,230.9,55.92816533857093
717,2023-06-11 02:02:28,230.6,55.18243945780005
718,2023-06-11 02:02:29,230.5,53.48365533517023
719,2023-06-11 02:02:30,229.9,54.09324564969248
720,2023-06-11 02:02:31,229.5,55.746265631806935
721,2023-06-11 02:02:32,229.6,55.36577585563501
722,2023-06-11 02:02:33,230.0,53.96728011811733
724,2023-06-11 02:02:35,230.2,55.36021004924953
725,2023-06-11 02:02:36,229.9,53.32301309116356
726,2023-06-11 02:02:37,229.5,56.10010525293007
727,2023-06-11 02:02:38,229.2,51.79267490911437
728,2023-06-11 02:02:39,229.2,52.74039181540149
729,2023-06-11 02:02:40,216.9,22.06661683517752
730,2023-06-11 02:02:41,186.3,1.035002336795266
731,2023-06-11 02:02:42,191.2,38.44200740980058
732,2023-06-11 02:02:43,192.3,72.28427565412169
733,2023-06-11 02:02:44,198.1,18.40484323930812
734,2023-06-11 02:02:45,191.3,18.797982925234603
735,2023-06-11 02:02:46,190.9,17.016104341856074
736,2023-06-11 02:02:47,190.2,20.18643846737248
737,2023-06-11 02:02:48,189.2,9.286976657048672
738,2023-06-11 02:02:49,188.4,22.15603996733152
739,2023-06-11 02:02:50,187.8,10.7113678664361
740,2023-06-11 02:02:51,187.3,4.07358240274875
742,2023-06-11 02:02:53,186.4,2.237892194202902
743,2023-06-11 02:02:54,186.3,5.917838294354946
744,2023-06-11 02:02:55,186.1,11.410334263560047
745,2023-06-11 02:02:56,185.7,13.935075664194963
746,2023-06-11 02:02:57,185.6,14.138327645651376
747,2023-06-11 02:02:58,185.3,10.916942168526884
748,2023-06-11 02:02:59,185.0,8.519433043101067
749,2023-06-11 02:03:00,184.1,12.78062023336472
750,2023-06-11 02:03:01,183.7,30.518246854036317
751,2023-06-11 02:03:02,184.0,22.570805190106807
752,2023-06-11 02:03:03,183.9,4.234673477206771
753,2023-06-11 02:03:04,189.2,48.893246512204
754,2023-06-11 02:03:05,213.0,38.131255748532986
755,2023-06-11 02:03:06,220.1,58.44856352748511
756,2023-06-11 02:03:07,220.3,39.7415359613039
757,2023-06-11 02:03:08,220.7,49.57193307905753
758,2023-06-11 02:03:09,221.5,44.9556429981213
760,2023-06-11 02:03:11,222.7,43.64819592949587
761,2023-06-11 02:03:12,222.5,54.01153810849002
762,2023-06-11 02:03:13,221.8,44.94765931306358
763,2023-06-11 02:03:14,214.9,46.36273111587455
764,2023-06-11 02:03:15,208.2,34.4011735809148
765,2023-06-11 02:03:16,207.7,46.91467923764548
766,2023-06-11 02:03:17,206.8,48.25895691688331
767,2023-06-11 02:03:18,206.1,42.23793118603486
768,2023-06-11 02:03:19,205.6,43.50134285923401
769,2023-06-11 02:03:20,205.5,44.57542049572629
770,2023-06-11 02:03:21,205.7,47.946440880677066
771,2023-06-11 02:03:22,205.3,33.375627024164515
772,2023-06-11 02:03:23,205.3,45.07941118169387
773,2023-06-11 02:03:24,194.0,0.8971706200440824
774,2023-06-11 02:03:25,178.0,36.41738302844698
775,2023-06-11 02:03:26,194.6,30.537723777986542
776,2023-06-11 02:03:27,213.9,63.67922814894236
778,2023-06-11 02:03:29,214.4,39.50704251626609
779,2023-06-11 02:03:30,214.5,45.92239299161289
780,2023-06-11 02:03:31,207.7,27.914754469449854
781,2023-06-11 02:03:32,201.4,23.306879922847237
782,2023-06-11 02:03:33,201.6,18.47612484162872
783,2023-06-11 02:03:34,202.1,31.912119791501528
784,2023-06-11 02:03:35,202.4,34.99514416552639
785,2023-06-11 02:03:36,202.3,23.850903935462505
786,2023-06-11 02:03:37,201.6,14.62455165452853
787,2023-06-11 02:03:38,200.6,34.91271988966104
788,2023-06-11 02:03:39,199.8,19.840557651575903
789,2023-06-11 02:03:40,199.0,23.808964671017197
790,2023-06-11 02:03:41,198.4,15.22916842170252
791,2023-06-11 02:03:42,197.5,33.58241021866511
792,2023-06-11 02:03:43,196.6,25.074267316563287
793,2023-06-11 02:03:44,195.9,17.022164863690794
794,2023-06-11 02:03:45,195.0,20.85050465348204
796,2023-06-11 02:03:47,182.1,1.2270993648852373
797,2023-06-11 02:03:48,192.9,51.085817566156805
798,2023-06-11 02:03:49,203.7,27.059388576298986
799,2023-06-11 02:03:50,190.7,31.641447433843787
800,2023-06-11 02:03:51,189.6,23.97226965981902
801,2023-06-11 02:03:52,188.6,10.059204281376166
802,2023-06-11 02:03:53,187.9,13.14071964958934
803,2023-06-11 02:03:54,188.0,23.298998161699377
804,2023-06-11 02:03:55,187.4,12.68891823749874
805,2023-06-11 02:03:56,186.8,20.033413508280493
806,2023-06-11 02:03:57,186.6,12.10216423584438
807,2023-06-11 02:03:58,186.0,14.79821644845378
808,2023-06-11 02:03:59,185.6,13.324175816080285
809,2023-06-11 02:04:00,184.9,16.16062355254527
810,2023-06-11 02:04:01,184.5,17.525179021280884
811,2023-06-11 02:04:02,184.2,13.881470028886897
812,2023-06-11 02:04:03,184.3,7.022394712063781
813,2023-06-11 02:04:04,184.5,8.32955179150022
814,2023-06-11 02:04:05,184.3,10.024066559469816
816,2023-06-11 02:04:07,184.2,8.704141830268615
817,2023-06-11 02:04:08,183.8,6.587097897539772
818,2023-06-11 02:04:09,183.7,6.497707153956302
819,2023-06-11 02:04:10,209.0,39.02056117841033
820,2023-06-11 02:04:11,223.6,50.77566275945591
821,2023-06-11 02:04:12,223.9,47.25163352843648
822,2023-06-11 02:04:13,224.0,48.719231789754986
823,2023-06-11 02:04:14,223.8,46.19417352141807
824,2023-06-11 02:04:15,223.4,33.77891552664947
825,2023-06-11 02:04:16,217.0,23.97408617030606
826,2023-06-11 02:04:17,208.4,29.05102622763284
827,2023-06-11 02:04:18,208.4,22.48312056278968
828,2023-06-11 02:04:19,208.1,24.679944036775627
829,2023-06-11 02:04:20,207.9,35.545038974904024
830,2023-06-11 02:04:21,208.1,22.83522808746061
831,2023-06-11 02:04:22,207.4,19.40987400844141
832,2023-06-11 02:04:23,207.0,21.036201815851225
834,2023-06-11 02:04:25,205.5,37.843519574938384
835,2023-06-11 02:04:26,205.3,28.35471140506827
836,2023-06-11 02:04:27,205.0,19.747264945276985
837,2023-06-11 02:04:28,204.7,23.43138593078229
838,2023-06-11 02:04:29,204.4,19.071300975370463
839,2023-06-11 02:04:30,187.7,0.865452849423309
840,2023-06-11 02:04:31,187.4,18.298782869184937
841,2023-06-11 02:04:32,196.9,27.81877289928828
842,2023-06-11 02:04:33,195.8,16.56551609667638
843,2023-06-11 02:04:34,187.1,16.644274116485903
844,2023-06-11 02:04:35,186.8,15.620851223658454
845,2023-06-11 02:04:36,186.4,16.299672022794294
846,2023-06-11 02:04:37,185.8,4.282373575483642
847,2023-06-11 02:04:38,185.5,18.394134821844627
848,2023-06-11 02:04:39,184.9,16.329254030269105
849,2023-06-11 02:04:40,184.6,22.721106905964724
850,2023-06-11 02:04:41,185.1,29.991140152825118
851,2023-06-11 02:04:42,185.5,26.009488324942254
852,2023-06-11 02:04:43,185.6,17.751916284194106
854,2023-06-11 02:04:45,185.0,10.42856502005066
855,2023-06-11 02:04:46,184.8,14.453169630587936
856,2023-06-11 02:04:47,184.7,12.83383692788072
857,2023-06-11 02:04:48,184.2,9.306886848537768
858,2023-06-11 02:04:49,183.2,32.120159133429226
859,2023-06-11 02:04:50,182.4,2.0637915249242207
860,2023-06-11 02:04:51,182.0,4.7094720172884745
861,2023-06-11 02:04:52,181.9,2.0998155597285786
862,2023-06-11 02:04:53,182.0,28.58300368387274
863,2023-06-11 02:04:54,197.3,53.7207682802384
864,2023-06-11 02:04:55,224.2,50.56336020935759
865,2023-06-11 02:04:56,229.8,50.50734970830938
866,2023-06-11 02:04:57,229.7,52.31217999631652
867,2023-06-11 02:04:58,229.7,53.17778976683077
868,2023-06-11 02:04:59,229.7,52.86088418793485
869,2023-06-11 02:05:00,229.5,56.26478804609516
871,2023-06-11 02:05:02,229.0,55.25442253760872
872,2023-06-11 02:05:03,229.0,52.28412351884726
873,2023-06-11 02:05:04,229.1,53.70543356371099
874,2023-06-11 02:05:05,228.8,57.71803183422392
875,2023-06-11 02:05:06,228.5,45.41625325783996
876,2023-06-11 02:05:07,228.3,47.43103828145687
877,2023-06-11 02:05:08,228.0,54.3009644212243
878,2023-06-11 02:05:09,227.9,55.21399240136166
879,2023-06-11 02:05:10,228.1,51.84404720988613
880,2023-06-11 02:05:11,228.1,52.184381072133725
881,2023-06-11 02:05:12,228.1,53.70230468857345
882,2023-06-11 02:05:13,227.7,46.766898432860366
883,2023-06-11 02:05:14,202.9,24.14699997679864
884,2023-06-11 02:05:15,189.3,30.262369597106083
885,2023-06-11 02:05:16,194.8,54.22249828010381
887,2023-06-11 02:05:18,216.6,47.397371735025786
888,2023-06-11 02:05:19,217.2,44.21745190325307
889,2023-06-11 02:05:20,210.2,35.10878657239846
890,2023-06-11 02:05:21,210.5,37.89376193715962
891,2023-06-11 02:05:22,211.0,35.86384939585377
892,2023-06-11 02:05:23,210.8,28.01594175553028
893,2023-06-11 02:05:24,210.3,26.458315259285527
894,2023-06-11 02:05:25,204.2,15.557899860360378
895,2023-06-11 02:05:26,197.2,37.27145080727488
896,2023-06-11 02:05:27,197.2,19.71177626034889
897,2023-06-11 02:05:28,197.0,38.33656513113777
898,2023-06-11 02:05:29,196.7,37.62943235221188
899,2023-06-11 02:05:30,196.6,19.87554580811641
900,2023-06-11 02:05:31,196.4,37.08406323411289
901,2023-06-11 02:05:32,196.5,37.69539829584549
902,2023-06-11 02:05:33,196.6,24.58918199630166
903,2023-06-11 02:05:34,196.9,38.01523775687741
905,2023-06-11 02:05:36,195.4,19.274821168079903
906,2023-06-11 02:05:37,179.0,2.2384358622669027
907,2023-06-11 02:05:38,179.1,0.684981039861183
908,2023-06-11 02:05:39,202.9,53.6219812522007
909,2023-06-11 02:05:40,210.8,40.145203322993325
910,2023-06-11 02:05:41,210.2,33.08299691828667
911,2023-06-11 02:05:42,210.4,29.99898457314964
912,2023-06-11 02:05:43,210.3,25.9087925048833
913,2023-06-11 02:05:44,209.7,27.950243829005373
914,2023-06-11 02:05:45,209.1,27.679784752452555
915,2023-06-11 02:05:46,208.7,32.87752951965089
916,2023-06-11 02:05:47,208.4,30.064146720935607
917,2023-06-11 02:05:48,207.9,27.47165731074632
918,2023-06-11 02:05:49,207.0,25.393523720410062
919,2023-06-11 02:05:50,206.2,27.08566250196621
920,2023-06-11 02:05:51,206.1,30.904055831008343
